id;address_line_1;address_line_2;city;state;postal_code;country
1;so whoever helplessly;before sans bootleg;South Valentin;biodegrade which youthfully;honestly where;Finland
2;blah properly nor;yahoo linseed;Cedar Hill;before whoa row;headline to after;Cape Verde
3;notwithstanding;disbar unbalance;Jeramieside;anenst seldom;nephew;Afghanistan
4;putrid steak;deeply gently;Fort Aimeeshire;instructor ham veto;kowtow vaguely assail;Tunisia
5;where pearl fooey;fondly within gleefully;Marciaworth;afore;gleefully smug pleased;Tonga
6;greatly jaywalk;poor stage;Tamitown;zowie;tut hm;Christmas Island
7;bah;lively crackle pendant;Americafurt;unaccountably tidy;ugh similar;Jordan
8;happy-go-lucky;furthermore gah;Lodi;towards;swerve for willing;Senegal
9;absent including;cheerful though;Cleorachester;within twin onto;plus or;Guernsey
10;rue upon following;huzzah rag;Lake Jesusstead;flawless;geez;Kyrgyz Republic
11;painfully steeple;summarise;Wildermanton;showboat oh for;aside idealistic although;Equatorial Guinea
12;aircraft towards;uh-huh;Alishahaven;during until sandy;preclude;Japan
13;taro;certainly or since;Kirlinside;accelerator shyly;merrily;Haiti
14;burgeon;honored anti massive;South Coreyside;unlike knitting via;which yellowish long;Luxembourg
15;eventually black whoa;oof that before;Taylor;defiantly;pfft abseil;Cook Islands
16;before packaging;glossy huzzah restfully;Barrowstown;soon;broadly how;Namibia
17;instead pendant but;yet whoever imagineer;Trinityborough;wicked psst;joyful shakily;Virgin Islands, U.S.
18;eek among;embody storyboard earnest;Hermannfort;save whose yahoo;snowplow;Papua New Guinea
19;aboard;yum more exalt;Lake Zelmafurt;pfft as striking;decisive mobilise underneath;Ukraine
20;pish quaintly;ick versus instead;Hymanside;painfully really gosh;preclude good;Puerto Rico
21;as barring;juvenile snappy;Rueckerstead;grim eek unless;pity hmph;Serbia
22;thoughtfully;smug duh;West Lenoraland;yet sin;entwine suburban;Portugal
23;scare competent sans;transom huzzah conceal;Fredfort;yuppify um;underplay boo;Moldova
24;millet;zowie;Burbank;immense harmful sharply;lovely;Cuba
25;rise;hopelessly than;North Myrticeboro;for helpless soon;twin selfishly riser;Turkey
26;consequently quirkily anticodon;gee after remark;Stratford;section aircraft;lest;Georgia
27;excepting partially gosh;even that;Carmichael;beneath explode;upright stealthily crank;Benin
28;tarragon aha;throughout howl;Whiteland;hm finally incidentally;aha;Eritrea
29;violin vet jump;flame minus evenly;Clifton;huzzah gadzooks but;splendid brr shimmering;Grenada
30;by oddly premium;since bright;New Becky;kettledrum for;meanwhile including;France
