id;created_date
1;2026-09-03T09:00:11
2;2026-09-03T08:02:34
3;2026-09-03T10:39:00
4;2026-09-03T05:19:52
5;2026-09-03T14:13:23
6;2026-09-03T00:55:46
7;2026-09-03T15:00:43
8;2026-09-03T13:13:42
9;2026-09-03T02:13:50
10;2026-09-03T02:52:28
11;2026-09-03T13:04:04
12;2026-09-03T04:53:46
13;2026-09-03T00:32:07
14;2026-09-02T22:29:57
15;2026-09-02T23:04:25
16;2026-09-02T18:23:23
17;2026-09-03T07:16:18
18;2026-09-02T16:30:13
19;2026-09-03T09:06:21
20;2026-09-03T06:48:02
21;2026-09-02T19:25:56
22;2026-09-03T13:07:56
23;2026-09-03T07:31:33
24;2026-09-03T12:23:38
25;2026-09-03T09:30:17
26;2026-09-03T04:39:14
27;2026-09-03T01:01:26
28;2026-09-02T20:07:07
29;2026-09-03T07:07:14
30;2026-09-02T23:51:13
